# Authors

sweta_shrestha:
  name: Sweta Shrestha
  bio: "Sr. UX Developer"
  avatar: sweta-bio-photo.jpg
  twitter: sweet_anjell

geshan_manandhar:
  name: Geshan Manandhar
  bio: "Constantly breaks things but can fix them too :)"
  avatar: geshan-bio-photo.jpg
  twitter: geshan

prawesh_shrestha:
  name: Prawesh Shrestha
  bio: "knows and doesn't know how to manage things."
  avatar: prawesh-bio-photo.jpg
  twitter: praweshsth

rakeeb_rajbhandari:
  name: Rakeeb Rajbhandari
  bio: "Software Engineer"
  avatar: bio-photo.jpg
  twitter: RakeebJH11
  google:
    plus: RakeebRajbhandari
  stackoverflow: 2247689/rakeeb-rajbhandari
  github: rakeeb11

anubhuti_poudyal:
  name: Anubhuti Poudyal
  bio: "Communications Consultant"
  avatar: anubhuti-bio-photo.png
  twitter: anubhutipoudyal

manoj_byanjankar:
  name: Manoj Byanjankar
  bio: "Software Developer"
  avatar: default-thumb.png
  github: mojbenzcar

santosh_neupane:
  name: Santosh Neupane
  bio: "System Admin"
  avatar: santosh-neupane-bio-photo.jpg
  github: santosh_neupane

sachit:
  name: Sachit Bir Singh Dongol
  bio: "Jr. Software Engineer"
  avatar: sachit-bio-photo.jpg
  github: sachit-singh

sumit_chhetri:
  name: Sumit Chhetri
  bio: "Software Engineer"
  avatar: sumit-avatar.png
  github: shhetri
  twitter: shhetri

nirajan_basnet:
  name: Nirajan Basnet
  bio: "Jr. Web Developer"
  avatar: nirajan-blog-profile.jpg
  twitter: Nirajanb89
  github: Neev89

prashant_shrestha:
  name: Prashant Shrestha
  bio: "VP, Business and Technology Innovations"
  avatar: prashant.jpg
  twitter: prashant_sh
  github: prashantsh
  